no,id,chk1,chk2,chk3,chk4,chk5,chk6,chk7,chk8
0,1.1.1,정보보호 및 개인정보보호 관리체계의 수립 및 운영활동 전반에 경영진의 참여가 이루어질 수 있도록 보고 및 의사결정 등의 책임과 역할을 문서화하고 있는가?,"경영진이 정보보호 및 개인정보보호 활동에 관한 의사결정에 적극적으로 참여할 수 있는 보고, 검토 및 승인 절차를 수립∙이행하고 있는가?",,,,,,
1,1.1.2,최고경영자는 정보보호 및 개인정보보호 처리에 관한 업무를 총괄하여 책임질 최고책임자를 공식적으로 지정하고 있는가?,"정보보호 최고책임자 및 개인정보 보호책임자는 예산, 인력 등 자원을 할당할 수 있는 임원급으로 지정하고 있으며 관련 법령에 따른 자격요건을 충족하고 있는가?",,,,,,
2,1.1.3,정보보호 최고책임자 및 개인정보 보호책임자의 업무를 지원하고 조직의 정보보호 및 개인정보보호 활동을 체계적으로 이행하기 위해 전문성을 갖춘 실무조직을 구성하여 운영하고 있는가?,"조직 전반에 걸친 중요한 정보보호 및 개인정보보호 관련사항에 대하여 검토, 승인 및 의사결정을 할 수 있는 위원회를 구성하여 운영하고 있는가?",전사적 정보보호 및 개인정보보호 활동을 위하여 정보보호 및 개인정보보호 관련 담당자 및 부서별 담당자로 구성된 실무 협의체를 구성하여 운영하고 있는가?,,,,,
3,1.1.4,조직의 핵심 서비스 및 개인정보 처리에 영향을 줄 수 있는 핵심자산을 포함하도록 관리체계 범위를 설정하고 있는가?,정의된 범위 내에서 예외사항이 있을 경우 명확한 사유 및 관련자 협의ㆍ책임자 승인 등 관련 근거를 기록･관리하고 있는가?,"정보보호 및 개인정보보호 관리체계 범위를 명확히 확인할 수 있도록 관련된 내용(주요 서비스 및 업무 현황, 정보시스템 목록, 문서목록 등)이 포함된 문서를 작성하여 관리하고 있는가?",,,,,
4,1.1.5,조직이 수행하는 모든 정보보호 및 개인정보보호 활동의 근거를 포함하는 최상위 수준의 정보보호 및 개인정보보호 정책을 수립하였는가?,"정보보호 및 개인정보보호 정책의 시행을 위하여 필요한 세부적인 방법, 절차, 주기 등을 규정한 지침, 절차, 매뉴얼 등을 수립하고 있는가?",정보보호 및 개인정보보호 정책∙시행문서의 제∙개정 시 최고경영자 또는 최고경영자로부터 권한을 위임받은 자의 승인을 받고 있는가,정보보호 및 개인정보보호 정책∙시행문서의 최신본을 관련 임직원에게 접근하기 쉬운 형태로 제공하고 있는가?,,,,
5,1.1.6,정보보호 및 개인정보보호 분야별 전문성을 갖춘 인력을 확보하고 있는가?,정보보호 및 개인정보보호 관리체계의 효과적 구현과 지속적 운영을 위해 필요한 자원을 평가하여 필요한 예산과 인력을 지원하고 있는가?,연도별 정보보호 및 개인정보보호 업무 세부추진 계획을 수립ㆍ시행하고 그 추진결과에 대한 심사분석ㆍ평가를 실시하는가?,,,,,
6,1.2.1,정보자산의 분류기준을 수립하고 정보보호 및 개인정보보호 관리체계 범위 내의 모든 자산을 식별하여 목록으로 관리하고 있는가?,식별된 정보자산에 대해 법적 요구사항 및 업무에 미치는 영향 등을 고려하여 중요도를 결정하고 보안등급을 부여하고 있는가?,정기적으로 정보자산 현황을 조사하여 정보자산목록을 최신으로 유지하고 있는가?,,,,,
7,1.2.2,관리체계 전 영역에 대한 정보서비스 현황을 식별하고 업무 절차와 흐름을 파악하여 문서화하고 있는가?,관리체계 범위 내 개인정보 처리 현황을 식별하고 개인정보의 흐름을 파악하여 개인정보흐름도 등으로 문서화하고 있는가?,"서비스 및 업무, 정보자산 등의 변화에 따른 업무절차 및 개인정보 흐름을 주기적으로 검토하여 흐름도 등 관련 문서의 최신성을 유지하고 있는가?",,,,,
8,1.2.3,조직 또는 서비스의 특성에 따라 다양한 측면에서 발생할 수 있는 위험을 식별하고 평가할 수 있는 방법을 정의하고 있는가?,"위험관리 방법 및 절차(수행인력, 기간, 대상, 방법, 예산 등)를 구체화한 위험관리계획을 매년 수립하고 있는가?",위험관리계획에 따라 연 1회 이상 정기적으로 또는 필요한 시점에 위험평가를 수행하고 있는가?,조직에서 수용 가능한 목표 위험수준을 정하고 그 수준을 초과하는 위험을 식별하고 있는가?,위험식별 및 평가 결과를 경영진에게 보고하고 있는가?,,,
9,1.2.4,"식별된 위험에 대한 처리 전략(감소, 회피, 전가, 수용 등)을 수립하고 위험처리를 위한 보호대책을 선정하고 있는가?","보호대책의 우선순위를 고려하여 일정, 담당부서 및 담당자, 예산 등의 항목을 포함한 보호대책 이행계획을 수립하고 경영진에 보고하고 있는가?",,,,,,
10,1.3.1,이행계획에 따라 보호대책을 효과적으로 구현하고 이행결과의 정확성 및 효과성 여부를 경영진이 확인할 수 있도록 보고하고 있는가?,관리체계 인증기준 별로 보호대책 구현 및 운영 현황을 기록한 운영명세서를 구체적으로 작성하고 있는가?,,,,,,
11,1.3.2,구현된 보호대책을 운영 또는 시행할 부서 및 담당자를 명확하게 파악하고 있는가?,구현된 보호대책을 운영 또는 시행할 부서 및 담당자에게 관련 내용을 공유 또는 교육하고 있는가?,,,,,,
12,1.3.3,관리체계 운영을 위해 주기적 또는 상시적으로 수행해야 하는 정보보호 및 개인정보보호 활동을 문서화하여 관리하고 있는가?,경영진은 주기적으로 관리체계 운영활동의 효과성을 확인하고 이를 관리하고 있는가?,,,,,,
13,1.4.1,조직이 준수하여야 하는 정보보호 및 개인정보보호 관련 법적 요구사항을 파악하여 최신성을 유지하고 있는가?,법적 요구사항의 준수여부를 연 1회 이상 정기적으로 검토하고 있는가?,,,,,,
14,1.4.2,"법적 요구사항 및 수립된 정책에 따라 정보보호 및 개인정보보호 관리체계가 효과적으로 운영되는지를 점검하기 위한 관리체계 점검기준, 범위, 주기, 점검인력 자격요건 등을 포함한 관리체계 점검 계획을 수립하고 있는가?","관리체계 점검 계획에 따라 독립성, 객관성 및 전문성이 확보된 인력을 구성하여 연 1회 이상 점검을 수행하고 발견된 문제점을 경영진에게 보고하고 있는가?",,,,,,
15,1.4.3,법적 요구사항 준수검토 및 관리체계 점검을 통해 식별된 관리체계 상의 문제점에 대한 근본 원인을 분석하여 재발방지 및 개선 대책을 수립ㆍ이행하고 있는가?,재발방지 및 개선 결과의 정확성 및 효과성 여부를 확인하기 위한 기준과 절차를 마련하였는가?,,,,,,
16,2.1.1,정보보호 및 개인정보보호 관련 정책 및 시행문서에 대한 정기적인 타당성 검토 절차를 수립ㆍ이행하고 있는가?,조직의 대내외 환경에 중대한 변화 발생 시 정보보호 및 개인정보보호 관련 정책 및 시행문서에 미치는 영향을 검토하고 필요 시 제ㆍ개정하고 있는가?,정보보호 및 개인정보보호 관련 정책 및 시행문서의 제ㆍ개정 시 이해 관계자의 검토를 받고 있는가?,정보보호 및 개인정보보호 관련 정책 및 시행문서의 제ㆍ개정 내역에 대하여 이력 관리를 하고 있는가?,,,,
17,2.1.2,정보보호 및 개인정보보호 관련 책임자와 담당자의 역할 및 책임을 명확히 정의하고 있는가?,정보보호 및 개인정보보호 관련 책임자와 담당자의 활동을 평가할 수 있는 체계를 수립하고 있는가?,정보보호 및 개인정보보호 관련 조직 및 조직의 구성원간 상호 의사소통할 수 있는 체계 및 절차를 수립ㆍ이행하고 있는가?,,,,,
18,2.1.3,"정보자산의 보안등급에 따른 취급절차(생성ㆍ도입, 저장, 이용, 파기) 및 보호대책을 정의하고 이행하고 있는가?",식별된 정보자산에 대하여 책임자 및 관리자를 지정하고 있는가?,,,,,,
19,2.2.1,"개인정보 및 중요정보의 취급, 주요 시스템 접근 등 주요 직무의 기준을 명확히 정의하고 있는가?",주요 직무를 수행하는 임직원 및 외부자를 주요 직무자로 지정하고 그 목록을 최신으로 관리하고 있는가?,업무상 개인정보를 취급하는 자를 개인정보취급자로 지정하고 목록을 관리하고 있는가?,업무 필요성에 따라 주요 직무자 및 개인정보취급자 지정을 최소화하는 등 관리방안을 수립ㆍ이행하고 있는가?,,,,
20,2.2.2,권한 오ㆍ남용 등으로 인한 잠재적인 피해 예방을 위하여 직무 분리 기준을 수립하여 적용하고 있는가?,"직무분리가 어려운 경우 직무자간 상호 검토, 상위관리자 정기 모니터링 및 변경사항 승인, 책임추적성 확보 방안 등의 보완통제를 마련하고 있는가?",,,,,,
21,2.2.3,신규 인력 채용 시 정보보호 및 개인정보보호 책임이 명시된 정보보호 및 개인정보보호 서약서를 받고 있는가?,"임시직원, 외주용역직원 등 외부자에게 정보자산에 대한 접근권한을 부여할 경우 정보보호 및 개인정보보호에 대한 책임, 비밀유지 의무 등이 명시된 서약서를 받고 있는가?",임직원 퇴직 시 별도의 비밀유지에 관련한 서약서를 받고 있는가?,"정보보호, 개인정보보호 및 비밀유지 서약서는 안전하게 보관하고 필요 시 쉽게 찾아볼 수 있도록 관리하고 있는가?",,,,
22,2.2.4,"정보보호 및 개인정보보호 교육의 시기, 기간, 대상, 내용, 방법 등의 내용이 포함된 연간 교육 계획을 수립하고 경영진의 승인을 받고 있는가?","관리체계 범위 내 모든 임직원과 외부자를 대상으로 연간 교육계획에 따라 연1회 이상 정기적으로 교육을 수행하고, 관련 법규 및 규정의 중대한 변경 시 이에 대한 추가교육을 수행하고 있는가?","임직원 채용 및 외부자 신규 계약 시, 업무 시작 전에 정보보호 및 개인정보보호 교육을 시행하고 있는가?","IT 및 정보보호, 개인정보보호 조직 내 임직원은 정보보호 및 개인정보보호와 관련하여 직무별 전문성 제고를 위한 별도의 교육을 받고 있는가?",교육시행에 대한 기록을 남기고 교육 효과와 적정성을 평가하여 다음 교육 계획에 반영하고 있는가?,,,
23,2.2.5,"퇴직, 직무변경, 부서이동, 휴직 등으로 인한 인사변경 내용이 인사부서, 정보보호 및 개인정보보호 부서, 정보시스템 및 개인정보처리시스템 운영부서 간에 공유되고 있는가?","조직 내 인력(임직원, 임시직원, 외주용역직원 등)의 퇴직 또는 직무변경 시 지체 없는 정보자산 반납, 접근권한 회수ㆍ조정, 결과 확인 등의 절차를 수립ㆍ이행하고 있는가?",,,,,,
24,2.2.6,임직원 및 관련 외부자가 법령과 규제 및 내부정책에 따른 정보보호 및 개인정보보호 책임과 의무를 위반한 경우에 대한 처벌 규정을 수립하고 있는가?,정보보호 및 개인정보 보호 위반 사항이 적발된 경우 내부 절차에 따른 조치를 수행하고 있는가?,,,,,,
25,2.3.1,관리체계 범위 내에서 발생하고 있는 업무 위탁 및 외부 시설ㆍ서비스의 이용 현황을 식별하고 있는가?,업무 위탁 및 외부 시설ㆍ서비스의 이용에 따른 법적 요구사항과 위험을 파악하고 적절한 보호대책을 마련하였는가?,,,,,,
26,2.3.2,중요정보 및 개인정보 처리와 관련된 외부 서비스 및 위탁 업체를 선정하는 경우 정보보호 및 개인정보 보호 역량을 고려하도록 절차를 마련하고 있는가?,외부 서비스 이용 및 업무 위탁에 따른 정보보호 및 개인정보보호 요구사항을 식별하고 이를 계약서 또는 협정서에 명시하고 있는가?,정보시스템 및 개인정보처리시스템 개발을 위탁하는 경우 개발 시 준수해야 할 정보보호 및 개인정보보호 요구사항을 계약서에 명시하고 있는가?,,,,,
27,2.3.3,"외부자가 계약서, 협정서, 내부정책에 명시된 정보보호 및 개인정보보호 요구사항을 준수하고 있는지 주기적으로 점검 또는 감사를 수행하고 있는가?",외부자에 대한 점검 또는 감사 시 발견된 문제점에 대하여 개선계획을 수립ㆍ이행하고 있는가?,개인정보 처리업무를 위탁받은 수탁자가 관련 업무를 제3자에게 재위탁하는 경우 위탁자의 승인을 받도록 하고 있는가?,,,,,
28,2.3.4,"외부자 계약만료, 업무 종료, 담당자 변경시 공식적인 절차에 따른 정보자산 반납, 정보시스템 접근계정 삭제, 비밀유지 확약서 징구 등이 이루어질 수 있도록 보안대책을 수립ㆍ이행하고 있는가?",외부자 계약 만료 시 위탁 업무와 관련하여 외부자가 중요정보 및 개인정보를 보유하고 있는지 확인하고 이를 회수ㆍ파기할 수 있도록 절차를 수립ㆍ이행하고 있는가?,,,,,,
29,2.4.1,"물리적, 환경적 위협으로부터 개인정보 및 중요정보, 문서, 저장매체, 주요 설비 및 시스템 등을 보호하기 위하여 통제구역, 제한구역, 접견구역 등 물리적 보호구역 지정기준을 마련하고 있는가?",물리적 보호구역 지정기준에 따라 보호구역을 지정하고 구역별 보호대책을 수립ㆍ이행하고 있는가?,,,,,,
30,2.4.2,보호구역은 출입절차에 따라 출입이 허가된 자만 출입하도록 통제하고 있는가?,각 보호구역에 대한 내ㆍ외부자 출입기록을 일정기간 보존하고 출입기록 및 출입권한을 주기적으로 검토하고 있는가?,,,,,,
31,2.4.3,"정보시스템의 중요도, 용도, 특성 등을 고려하여 배치 장소를 분리하고 있는가?",정보시스템의 실제 물리적 위치를 손쉽게 확인할 수 있는 방안을 마련하고 있는가?,전력 및 통신케이블을 외부로부터의 물리적 손상 및 전기적 영향으로부터 안전하게 보호하고 있는가?,,,,,
32,2.4.4,"각 보호구역의 중요도 및 특성에 따라 화재, 수해, 전력 이상 등 인재 및 자연재해 등에 대비하여 필요한 설비를 갖추고 운영절차를 수립하여 운영하고 있는가?",외부 집적정보통신시설(IDC)에 위탁 운영하는 경우 물리적 보호에 필요한 요구사항을 계약서에 반영하고 운영상태를 주기적으로 검토하고 있는가?,,,,,,
33,2.4.5,"정보시스템 도입, 유지보수 등으로 보호구역 내 작업이 필요한 경우에 대한 공식적인 작업신청 및 수행 절차를 수립ㆍ이행하고 있는가?",보호구역내 작업이 통제 절차에 따라 적절히 수행되었는지 여부를 확인하기 위하여 작업 기록을 주기적으로 검토하고 있는가?,,,,,,
34,2.4.6,"정보시스템, 모바일기기, 저장매체 등을 보호구역에 반입하거나 반출하는 경우 정보유출, 악성코드 감염 등 보안사고 예방을 위한 통제 절차를 수립ㆍ이행하고 있는가?","반출입 통제절차에 따른 기록을 유지ㆍ관리하고, 절차 준수 여부를 확인할 수 있도록 반출입 이력을 주기적으로 점검하고 있는가?",,,,,,
35,2.4.7,"문서고, 공용 PC, 복합기, 파일서버 등 공용으로 사용하는 시설 및 사무용 기기에 대한 보호대책을 수립ㆍ이행하고 있는가?","업무용 PC, 책상, 서랍 등 개인업무 환경을 통한 개인정보 및 중요정보의 유ㆍ노출을 방지하기 위한 보호대책을 수립ㆍ이행하고 있는가?",개인 및 공용업무 환경에서의 정보보호 준수여부를 주기적으로 검토하고 있는가?,,,,,
36,2.5.1,정보시스템과 개인정보 및 중요정보에 접근할 수 있는 사용자 계정 및 접근권한의 등록ㆍ변경ㆍ삭제에 관한 공식적인 절차를 수립ㆍ이행하고 있는가?,정보시스템과 개인정보 및 중요정보에 접근할 수 있는 사용자 계정 및 접근권한 생성ㆍ등록ㆍ변경 시 직무별 접근권한 분류 체계에 따라 업무상 필요한 최소한의 권한만을 부여하고 있는가?,사용자에게 계정 및 접근권한을 부여하는 경우 해당 계정에 대한 보안책임이 본인에게 있음을 명확히 인식시키고 있는가?,,,,,
37,2.5.2,정보시스템 및 개인정보처리시스템에서 사용자 및 개인정보취급자를 유일하게 구분할 수 있는 식별자를 할당하고 추측 가능한 식별자의 사용을 제한하고 있는가?,불가피한 사유로 동일한 식별자를 공유하여 사용하는 경우 그 사유와 타당성을 검토하고 보완대책을 마련하여 책임자의 승인을 받고 있는가?,,,,,,
38,2.5.3,"정보시스템 및 개인정보처리시스템에 대한 접근은 사용자 인증, 로그인 횟수 제한, 불법 로그인 시도 경고 등 안전한 사용자 인증 절차에 의해 통제하고 있는가?",정보통신망을 통해 외부에서 개인정보처리시스템에 접속하려는 경우에는 법적 요구사항에 따라 안전한 인증수단 또는 안전한 접속수단을 적용하고 있는가?,,,,,,
39,2.5.4,정보시스템 및 개인정보처리시스템에 대한 안전한 사용자 비밀번호 관리절차 및 작성규칙을 수립ㆍ이행하고 있는가?,정보주체(이용자)가 안전한 비밀번호를 이용할 수 있도록 비밀번호 작성 규칙을 수립ㆍ이행하고 있는가?,,,,,,
40,2.5.5,관리자 권한 등 특수권한은 최소한의 인원에게만 부여될 수 있도록 공식적인 권한 신청 및 승인 절차를 수립ㆍ이행하고 있는가?,특수 목적을 위해 부여한 계정 및 권한을 식별하고 별도의 목록으로 관리하는 등 통제절차를 수립ㆍ이행하고 있는가?,,,,,,
41,2.5.6,정보시스템과 개인정보 및 중요정보에 대한 사용자 계정 및 접근권한 생성ㆍ등록ㆍ부여ㆍ이용ㆍ변경ㆍ말소 등의 이력을 남기고 있는가?,"정보시스템과 개인정보 및 중요정보에 대한 사용자 계정 및 접근권한의 적정성 검토 기준, 검토주체, 검토방법, 주기 등을 수립하여 정기적 검토를 이행하고 있는가?","접근권한 검토 결과 접근권한 과다 부여, 권한부여 절차 미준수, 권한 오남용 등 문제점이 발견된 경우 그에 따른 조치절차를 수립ㆍ이행하고 있는가?",,,,,
42,2.6.1,조직의 네트워크에 접근할 수 있는 모든 경로를 식별하고 접근통제 정책에 따라 내부 네트워크는 인가된 사용자만이 접근할 수 있도록 통제하고 있는가?,"서비스, 사용자 그룹, 정보자산의 중요도, 법적 요구사항에 따라 네트워크 영역을 물리적 또는 논리적으로 분리하고 각 영역간 접근통제를 적용하고 있는가?",네트워크 대역별 IP주소 부여 기준을 마련하고 DB서버 등 외부 연결이 필요하지 않은 경우 사설 IP로 할당하는 등의 대책을 적용하고 있는가?,"물리적으로 떨어진 IDC, 지사, 대리점 등과의 네트워크 연결 시 전송구간 보호대책을 마련하고 있는가?",,,,
43,2.6.2,"서버, 네트워크시스템, 보안시스템 등 정보시스템 별 운영체제(OS)에 접근이 허용되는 사용자, 접근 가능 위치, 접근 수단 등을 정의하여 통제하고 있는가?",정보시스템에 접속 후 일정시간 업무처리를 하지 않는 경우 자동으로 시스템 접속이 차단되도록 하고 있는가?,정보시스템의 사용목적과 관계없는 서비스를 제거하고 있는가?,주요 서비스를 제공하는 정보시스템은 독립된 서버로 운영하고 있는가?,,,,
44,2.6.3,중요정보 접근을 통제하기 위하여 사용자의 업무에 따라 응용프로그램 접근권한을 차등 부여하고 있는가?,"중요정보의 불필요한 노출(조회, 화면표시, 인쇄, 다운로드 등)을 최소화할 수 있도록 응용프로그램을 구현하여 운영하고 있는가?","일정 시간동안 입력이 없는 세션은 자동 차단하고, 동일 사용자의 동시 세션 수를 제한하고 있는가?","관리자 전용 응용프로그램(관리자 웹페이지, 관리콘솔 등)은 비인가자가 접근할 수 없도록 접근을 통제하고 있는가?",,,,
45,2.6.4,데이터베이스의 테이블 목록 등 저장ㆍ관리되고 있는 정보를 식별하고 있는가?,"데이터베이스 내 정보에 접근이 필요한 응용프로그램, 정보시스템(서버) 및 사용자를 명확히 식별하고 접근통제 정책에 따라 통제하고 있는가?",,,,,,
46,2.6.5,"무선네트워크를 업무적으로 사용하는 경우 무선 AP 및 네트워크 구간 보안을 위해 인증, 송수신 데이터 암호화 등 보호대책을 수립ㆍ이행하고 있는가?",인가된 임직원만이 무선네트워크를 사용할 수 있도록 사용 신청 및 해지 절차를 수립ㆍ이행하고 있는가?,AD Hoc 접속 및 조직내 허가 받지 않은 무선 AP 탐지ㆍ차단 등 비인가된 무선네트워크에 대한 보호대책을 수립ㆍ이행하고 있는가?,,,,,
47,2.6.6,인터넷과 같은 외부 네트워크를 통한 정보시스템 원격운영은 원칙적으로 금지하고 장애대응 등 부득이하게 허용하는 경우 보완대책을 마련하고 있는가?,내부 네트워크를 통해서 원격으로 정보시스템을 운영하는 경우 특정 단말에 한해서만 접근을 허용하고 있는가?,"재택근무, 원격협업, 스마트워크 등과 같은 원격업무 수행 시 중요정보 유출, 해킹 등 침해사고 예방을 위한 보호대책을 수립ㆍ이행하고 있는가?","개인정보처리시스템의 관리, 운영, 개발, 보안 등을 목적으로 원격으로 개인정보처리시스템에 직접 접속하는 단말기는 관리용 단말기로 지정하고 임의조작 및 목적 외 사용 금지 등 안전조치를 적용하고 있는가?",,,,
48,2.6.7,주요 직무 수행 및 개인정보 취급 단말기 등 업무용 PC의 인터넷 접속에 대한 통제정책을 수립ㆍ이행하고 있는가?,주요 정보시스템(DB서버 등)에서 불필요한 외부 인터넷 접속을 통제하고 있는가?,관련 법령에 따라 인터넷 망분리 의무가 부과된 경우 망분리 대상자를 식별하여 안전한 방식으로 망 분리를 적용하고 있는가?,,,,,
49,2.7.1,"개인정보 및 주요정보의 보호를 위하여 법적 요구사항을 반영한 암호화 대상, 암호강도, 암호사용 등이 포함된 암호정책을 수립하고 있는가?","암호정책에 따라 개인정보 및 중요 정보의 저장, 전송, 전달 시 암호화를 수행하고 있는가?",,,,,,
50,2.7.2,"암호키 생성, 이용, 보관, 배포, 변경, 복구, 파기 등에 관한 절차를 수립ㆍ이행하고 있는가?",암호키는 필요시 복구가 가능하도록 별도의 안전한 장소에 보관하고 암호키 사용에 관한 접근권한을 최소화하고 있는가?,,,,,,
51,2.8.1,정보시스템을 신규로 도입ㆍ개발 또는 변경하는 경우 정보보호 및 개인정보보호 측면의 타당성 검토 및 인수 절차를 수립ㆍ이행하고 있는가?,"정보시스템을 신규로 도입ㆍ개발 또는 변경하는 경우 법적 요구사항, 최신 취약점 등을 포함한 보안 요구사항을 명확히 정의하고 설계 단계에서부터 반영하고 있는가?",정보시스템의 안전한 구현을 위한 코딩 표준을 수립하여 적용하고 있는가?,,,,,
52,2.8.2,"정보시스템의 도입, 개발, 변경 시 분석 및 설계 단계에서 정의한 보안 요구사항이 효과적으로 적용되었는지를 확인하기 위한 시험을 수행하고 있는가?",정보시스템이 안전한 코딩 기준 등에 따라 안전하게 개발되었는지를 확인하기 위한 취약점 점검이 수행되고 있는가?,"시험 및 취약점 점검 과정에서 발견된 문제점이 신속하게 개선될 수 있도록 개선계획 수립, 이행점검 등의 절차를 이행하고 있는가?",공공기관은 관련 법령에 따라 개인정보처리시스템 신규 개발 및 변경 시 분석ㆍ설계 단계에서 영향평가기관을 통해 영향평가를 수행하고 그 결과를 개발 및 변경 시 반영하고 있는가?,,,,
53,2.8.3,정보시스템의 개발 및 시험 시스템을 운영시스템과 분리하고 있는가?,"불가피한 사유로 개발과 운영환경의 분리가 어려운 경우 상호검토, 상급자 모니터링, 변경 승인, 책임추적성 확보 등의 보안대책을 마련하고 있는가?",,,,,,
54,2.8.4,정보시스템의 개발 및 시험 과정에서 실제 운영 데이터의 사용을 제한하고 있는가?,"불가피하게 운영데이터를 시험 환경에서 사용할 경우 책임자 승인, 접근 및 유출 모니터링, 시험 후 데이터 삭제 등의 통제 절차를 수립∙이행하고 있는가?",,,,,,
55,2.8.5,비인가된 자에 의한 소스 프로그램 접근을 통제하기 위한 절차를 수립ㆍ이행하고 있는가?,소스 프로그램은 장애 등 비상시를 대비하여 운영환경이 아닌 곳에 안전하게 보관하고 있는가?,소스 프로그램에 대한 변경이력을 관리하고 있는가?,,,,,
56,2.8.6,신규 도입ㆍ개발 및 변경된 시스템을 운영환경으로 안전하게 이관하기 위한 통제 절차를 수립ㆍ이행하고 있는가,운영환경으로의 이관 시 발생할 수 있는 문제에 대한 대응 방안을 마련하고 있는가?,운영환경에는 서비스 실행에 필요한 파일만을 설치하고 있는가?,,,,,
57,2.9.1,"정보시스템 관련 자산(하드웨어, 운영체제, 상용 소프트웨어 패키지 등) 변경에 관한 절차를 수립ㆍ이행하고 있는가?",정보시스템 관련 자산 변경을 수행하기 전 성능 및 보안에 미치는 영향을 분석하고 있는가?,,,,,,
58,2.9.2,정보시스템의 가용성 보장을 위하여 성능 및 용량을 지속적으로 모니터링 할 수 있는 절차를 수립ㆍ이행하고 있는가?,정보시스템 성능 및 용량 요구사항(임계치)을 초과하는 경우에 대한 대응절차를 수립ㆍ이행하고 있는가?,정보시스템 장애를 즉시 인지하고 대응하기 위한 절차를 수립ㆍ이행하고 있는가?,장애 발생 시 절차에 따라 조치하고 장애조치보고서 등을 통해 장애조치내역을 기록하여 관리하고 있는가?,심각도가 높은 장애의 경우 원인분석을 통한 재발방지 대책을 마련하고 있는가?,,,
59,2.9.3,"백업 대상, 주기, 방법, 절차 등이 포함된 백업 및 복구절차를 수립ㆍ이행하고 있는가?","백업된 정보의 완전성과 정확성, 복구절차의 적절성을 확인하기 위하여 정기적으로 복구 테스트를 실시하고 있는가?",중요정보가 저장된 백업매체의 경우 재해ㆍ재난에 대처할 수 있도록 백업매체를 물리적으로 떨어진 장소에 소산하고 있는가?,,,,,
60,2.9.4,"서버, 응용프로그램, 보안시스템, 네트워크시스템 등 정보시스템에 대한 로그관리 절차를 수립하고 이에 따라 필요한 로그를 생성하여 보관하고 있는가?",정보시스템의 로그기록은 별도 저장장치를 통해 백업하고 로그기록에 대한 접근권한은 최소화하여 부여하고 있는가,개인정보처리시스템에 대한 접속기록은 법적 요구사항을 준수할 수 있도록 필요한 항목을 모두 포함하여 일정기간 안전하게 보관하고 있는가?,,,,,
61,2.9.5,"정보시스템 관련 오류, 오ㆍ남용(비인가접속, 과다조회 등), 부정행위 등 이상징후를 인지할 수 있도록 로그 검토 주기, 대상, 방법 등을 포함한 로그 검토 및 모니터링 절차를 수립ㆍ이행하고 있는가?",로그 검토 및 모니터링 결과를 책임자에게 보고하고 이상징후 발견 시 절차에 따라 대응하고 있는가?,개인정보처리시스템의 접속기록은 관련 법령에서 정한 주기에 따라 정기적으로 점검하고 있는가?,,,,,
62,2.9.6,정보시스템의 시간을 표준시간으로 동기화하고 있는가?,시간 동기화가 정상적으로 이루어지고 있는지 주기적으로 점검하고 있는가?,,,,,,
63,2.9.7,정보자산의 안전한 재사용 및 폐기에 대한 절차를 수립ㆍ이행하고 있는가?,정보자산 및 저장매체를 재사용 및 폐기하는 경우 개인정보 및 중요정보를 복구되지 않는 방법으로 처리하고 있는가?,자체적으로 정보자산 및 저장매체를 폐기할 경우 관리대장을 통해 폐기이력을 남기고 폐기확인 증적을 함께 보관하고 있는가?,외부업체를 통해 정보자산 및 저장매체를 폐기할 경우 폐기 절차를 계약서에 명시하고 완전히 폐기했는지 여부를 확인하고 있는가?,"정보시스템, PC 등 유지보수, 수리 과정에서 저장매체 교체, 복구 등 발생 시 저장매체 내 정보를 보호하기 위한 대책을 마련하고 있는가?",,,
64,2.10.1,조직에서 운영하고 있는 보안시스템에 대한 운영절차를 수립ㆍ이행하고 있는가?,보안시스템 관리자 등 접근이 허용된 인원을 최소화하고 비인가자의 접근을 엄격하게 통제하고 있는가?,"보안시스템별로 정책의 신규 등록, 변경, 삭제 등을 위한 공식적인 절차를 수립ㆍ이행하고 있는가?","보안시스템의 예외 정책 등록에 대하여 절차에 따라 관리하고 있으며, 예외 정책 사용자에 대하여 최소한의 권한으로 관리하고 있는가?",보안시스템에 설정된 정책의 타당성 여부를 주기적으로 검토하고 있는가?,개인정보처리시스템에 대한 불법적인 접근 및 개인정보 유출 방지를 위하여 관련 법령에서 정한 기능을 수행하는 보안시스템을 설치하여 운영하고 있는가?,,
65,2.10.2,클라우드 서비스 제공자와 정보보호 및 개인정보보호에 대한 책임과 역할을 명확히 정의하고 이를 계약서(SLA 등)에 반영하고 있는가?,"클라우드 서비스 이용 시 서비스 유형에 따른 보안위험을 평가하여 비인가 접근, 설정오류 등을 방지할 수 있도록 보안 구성 및 설정 기준, 보안설정 변경 및 승인 절차, 안전한 접속방법, 권한 체계 등 보안 통제 정책을 수립ㆍ이행하고 있는가?","클라우드 서비스 관리자 권한은 역할에 따라 최소화하여 부여하고 관리자 권한에 대한 비인가된 접근, 권한 오남용 등을 방지할 수 있도록 강화된 인증, 암호화, 접근통제, 감사기록 등 보호대책을 적용하고 있는가?","클라우드 서비스의 보안 설정 변경, 운영 현황 등을 모니터링하고 그 적절성을 정기적으로 검토하고 있는가?",,,,
66,2.10.3,공개서버를 운영하는 경우 이에 대한 보호대책을 수립ㆍ이행하고 있는가?,공개서버는 내부 네트워크와 분리된 DMZ(Demilitarized Zone)영역에 설치하고 침입차단시스템 등 보안시스템을 통해 보호하고 있는가?,공개서버에 개인정보 및 중요정보를 게시하거나 저장하여야 할 경우 책임자 승인 등 허가 및 게시절차를 수립ㆍ이행하고 있는가?,조직의 중요정보가 웹사이트 및 웹서버를 통해 노출되고 있는지 여부를 주기적으로 확인하여 중요정보 노출을 인지한 경우 이를 즉시 차단하는 등의 조치를 취하고 있는가?,,,,
67,2.10.4,전자거래 및 핀테크 서비스를 제공하는 경우 거래의 안전성과 신뢰성 확보를 위한 보호대책을 수립ㆍ이행하고 있는가?,전자거래 및 핀테크 서비스 제공을 위하여 결제시스템 등 외부 시스템과 연계하는 경우 송ㆍ수신되는 관련 정보의 보호를 위한 대책을 수립ㆍ이행하고 안전성을 점검하고 있는가?,,,,,,
68,2.10.5,외부 조직에 개인정보 및 중요정보를 전송할 경우 안전한 전송 정책을 수립하고 있는가?,업무상 조직 간에 개인정보 및 중요정보를 상호교환하는 경우 안전한 전송을 위한 협약체결 등 보호대책을 수립ㆍ이행하고 있는가?,,,,,,
69,2.10.6,"PC, 노트북, 가상PC, 태블릿 등 업무에 사용되는 단말기에 대하여 기기인증, 승인, 접근범위 설정, 기기 보안설정 등의 보안 통제 정책을 수립ㆍ이행하고 있는가?","업무용 단말기를 통해 개인정보 및 중요정보가 유출되는 것을 방지하기 위하여 자료공유프로그램 사용 금지, 공유설정 제한, 무선망 이용 통제 등의 정책을 수립ㆍ이행하고 있는가?","업무용 모바일 기기의 분실, 도난 등으로 인한 개인정보 및 중요정보의 유ㆍ노출을 방지하기 위하여 보안대책을 적용하고 있는가?",업무용 단말기기에 대한 접근통제 대책의 적절성에 대해 주기적으로 점검하고 있는가?,,,,
70,2.10.7,"외장하드, USB메모리, CD 등 보조저장매체 취급(사용), 보관, 폐기, 재사용에 대한 정책 및 절차를 수립ㆍ이행하고 있는가?","보조저장매체 보유현황, 사용 및 관리실태를 주기적으로 점검하고 있는가?","주요 정보시스템이 위치한 통제구역, 중요 제한구역 등에서 보조저장매체 사용을 제한하고 있는가?",보조저장매체를 통한 악성코드 감염 및 중요정보 유출 방지를 위한 대책을 마련하고 있는가?,개인정보 또는 중요정보가 포함된 보조저장매체를 잠금장치가 있는 안전한 장소에 보관하고 있는가?,,,
71,2.10.8,"서버, 네트워크시스템, 보안시스템, PC 등 자산별 특성 및 중요도에 따라 운영체제(OS)와 소프트웨어의 패치관리 정책 및 절차를 수립ㆍ이행하고 있는가?","주요 서버, 네트워크시스템, 보안시스템 등의 경우 설치된 OS, 소프트웨어 패치적용 현황을 주기적으로 관리하고 있는가?",서비스 영향도 등에 따라 취약점을 조치하기 위한 최신의 패치 적용이 어려운 경우 보완대책을 마련하고 있는가?,"주요 서버, 네트워크시스템, 보안시스템 등의 경우 공개 인터넷 접속을 통한 패치를 제한하고 있는가?",패치관리시스템을 활용하는 경우 접근통제 등 충분한 보호대책을 마련하고 있는가?,,,
72,2.10.9,"바이러스, 웜, 트로이목마, 랜섬웨어 등의 악성코드로부터 정보시스템 및 업무용단말기 등을 보호하기 위하여 보호대책을 수립ㆍ이행하고 있는가?",백신 소프트웨어 등 보안프로그램을 통하여 최신 악성코드 예방ㆍ탐지 활동을 지속적으로 수행하고 있는가?,백신 소프트웨어 등 보안프로그램은 최신의 상태로 유지하고 필요 시 긴급 보안업데이트를 수행하고 있는가?,악성코드 감염 발견 시 악성코드 확산 및 피해 최소화 등의 대응절차를 수립ㆍ이행하고 있는가?,,,,
73,2.11.1,침해사고 및 개인정보 유출사고를 예방하고 사고 발생시 신속하고 효과적으로 대응하기 위한 체계와 절차를 마련하고 있는가?,보안관제서비스 등 외부 기관을 통해 침해사고 대응체계를 구축ㆍ운영하는 경우 침해사고 대응절차의 세부사항을 계약서에 반영하고 있는가?,"침해사고의 모니터링, 대응 및 처리를 위하여 외부전문가, 전문업체, 전문기관 등과의 협조체계를 수립하고 있는가?",,,,,
74,2.11.2,정보시스템 취약점 점검 절차를 수립하고 정기적으로 점검을 수행하고 있는가?,발견된 취약점에 대한 조치를 수행하고 그 결과를 책임자에게 보고하고 있는가?,최신 보안취약점 발생 여부를 지속적으로 파악하고 정보시스템에 미치는 영향을 분석하여 조치하고 있는가?,취약점 점검 이력을 기록관리하여 전년도에 도출된 취약점이 재발생하는 등의 문제점에 대해 보호대책을 마련하고 있는가?,,,,
75,2.11.3,"내ㆍ외부에 의한 침해시도, 개인정보 유출 시도, 부정행위 등 이상행위를 탐지할 수 있도록 주요 정보시스템, 응용프로그램, 네트워크, 보안시스템 등에서 발생한 네트워크 트래픽, 데이터 흐름, 이벤트 로그 등을 수집하여 분석 및 모니터링하고 있는가?","침해시도, 개인정보유출시도, 부정행위 등의 여부를 판단하기 위한 기준 및 임계치를 정의하고 이에 따라 이상행위의 판단 및 조사 등 후속 조치가 적시에 이루어지고 있는가?",,,,,,
76,2.11.4,침해사고 및 개인정보 유출사고 대응 절차에 관한 모의훈련계획을 수립하고 이에 따라 연1회 이상 주기적으로 훈련을 실시하고 있는가?,침해사고 및 개인정보 유출사고 훈련 결과를 반영하여 침해사고 및 개인정보 유출사고 대응체계를 개선하고 있는가?,,,,,,
77,2.11.5,침해사고 및 개인정보 유출의 징후 또는 발생을 인지한 경우 정의된 침해사고 대응절차에 따라 신속하게 대응 및 보고가 이루어지고 있는가?,개인정보 침해사고 발생 시 관련 법령에 따라 정보주체(이용자) 통지 및 관계기관 신고 절차를 이행하고 있는가?,침해사고가 종결된 후 사고의 원인을 분석하여 그 결과를 보고하고 관련 조직 및 인력과 공유하고 있는가?,침해사고 분석을 통해 얻어진 정보를 활용하여 유사 사고가 재발하지 않도록 대책을 수립하고 필요한 경우 침해사고 대응절차 등을 변경하고 있는가?,,,,
78,2.12.1,조직의 핵심 서비스(업무) 연속성을 위협할 수 있는 IT 재해 유형을 식별하고 유형별 피해규모 및 업무에 미치는 영향을 분석하여 핵심 IT 서비스(업무) 및 시스템을 식별하고 있는가?,"핵심 IT 서비스 및 시스템의 중요도 및 특성에 따른 복구 목표시간, 복구 목표시점을 정의하고 있는가?","재해 및 재난 발생 시에도 핵심 서비스 및 시스템의 연속성을 보장할 수 있도록 복구 전략 및 대책, 비상시 복구 조직, 비상연락체계, 복구 절차 등 재해 복구 계획을 수립ㆍ이행하고 있는가?",,,,,
79,2.12.2,수립된 IT 재해 복구체계의 실효성을 판단하기 위하여 재해 복구 시험계획을 수립ㆍ이행하고 있는가?,"시험결과, 정보시스템 환경변화, 법률 등에 따른 변화를 반영할 수 있도록 복구전략 및 대책을 정기적으로 검토ㆍ보완하고 있는가?",,,,,,
80,3.1.1,개인정보를 수집하는 경우 서비스 제공 또는 법령에 근거한 처리 등을 위해 필요한 범위 내에서 최소한의 정보만을 수집하고 있는가?,수집 목적에 필요한 최소한의 정보 외의 개인정보를 수집하는 경우 정보주체(이용자)가 해당 개인정보의 제공 여부를 선택할 수 있도록 하고 있는가?,정보주체(이용자)가 수집 목적에 필요한 최소한의 정보 이외의 개인정보 수집에 동의하지 않는다는 이유로 서비스 또는 재화의 제공을 거부하지 않도록 하고 있는가?,,,,,
81,3.1.2,개인정보 수집 시 법령에 특별한 규정이 있는 경우를 제외하고는 정보주체(이용자)에게 관련 내용을 명확하게 고지하고 동의를 받고 있는가?,정보주체(이용자)에게 동의를 받는 방법 및 시점은 적절하게 되어 있는가?,정보주체(이용자)에게 동의를 서면(전자문서 포함)으로 받는 경우 법령에서 정한 중요한 내용에 대해 명확히 표시하여 알아보기 쉽게 하고 있는가?,만 14세 미만 아동의 개인정보에 대해 수집ㆍ이용ㆍ제공 등의 동의를 받는 경우 법정대리인에게 필요한 사항에 대하여 고지하고 동의를 받고 있는가?,"법정대리인의 동의를 받기 위하여 필요한 최소한의 개인정보만을 수집하고 있으며, 법정대리인이 자격 요건을 갖추고 있는지 확인하는 절차와 방법을 마련하고 있는가?",정보주체(이용자) 및 법정대리인에게 동의를 받은 기록을 보관하고 있는가?,,
82,3.1.3,주민등록번호는 명확한 법적 근거가 있는 경우에만 처리하고 있는가?,주민등록번호의 수집 근거가 되는 법조항을 구체적으로 식별하고 있는가?,"법적 근거에 따라 정보주체(이용자)의 주민등록번호 수집이 가능한 경우에도 아이핀, 휴대폰 인증 등 주민등록번호를 대체하는 수단을 제공하고 있는가?",,,,,
83,3.1.4,민감정보는 정보주체(이용자)로부터 별도의 동의를 받거나 관련 법령에 근거가 있는 경우에만 처리하고 있는가?,고유식별정보(주민등록번호 제외)는 정보주체(이용자)로부터 별도의 동의를 받거나 관련 법령에 구체적인 근거가 있는 경우에만 처리하고 있는가?,,,,,,
84,3.1.5,정보주체(이용자) 이외로부터 개인정보를 제공받는 경우 개인정보 수집에 대한 동의획득 책임이 개인정보를 제공하는 자에게 있음을 계약을 통해 명시하고 있는가?,공개된 매체 및 장소에서 개인정보를 수집하는 경우 정보주체(이용자)의 공개 목적ㆍ범위 및 사회 통념상 동의 의사가 있다고 인정되는 범위 내에서만 수집ㆍ이용하는가?,"서비스 계약 이행을 위해 필요한 경우로서, 사업자가 서비스 제공 과정에서 자동수집장치 등에 의해 수집･생성하는 개인정보(이용내역 등)의 경우에도 최소수집 원칙을 적용하고 있는가?",정보주체(이용자) 이외로부터 수집하는 개인정보에 대해 정보주체(이용자)의 요구가 있는 경우 즉시 필요한 사항을 정보주체(이용자)에게 알리고 있는가?,정보주체(이용자) 이외로부터 수집한 개인정보를 처리하는 경우 개인정보의 종류ㆍ규모 등이 법적 요건에 해당하는 경우 필요한 사항을 정보주체(이용자)에게 알리고 있는가?,정보주체(이용자)에게 수집출처에 대해 알린 기록을 해당 개인정보의 파기 시까지 보관ㆍ관리하고 있는가?,,
85,3.1.6,공개된 장소에 영상정보처리기기를 설치∙운영할 경우 법적으로 허용한 장소 및 목적인지 검토하고 있는가?,공공기관이 공개된 장소에 영상정보처리기기를 설치ㆍ운영하려는 경우 공청회∙설명회 개최 등의 법령에 따른 절차를 거쳐 관계 전문가 및 이해관계인의 의견을 수렴하고 있는가?,영상정보처리기기 설치ㆍ운영 시 정보주체가 쉽게 인식할 수 있도록 안내판 설치 등 필요한 조치를 하고 있는가?,영상정보처리기기 및 영상정보의 안전한 관리를 위한 영상정보처리기기 운영ㆍ관리 방침을 마련하여 시행하고 있는가?,"영상정보의 보관 기간을 정하고 있으며, 보관 기간 만료 시 지체 없이 삭제하고 있는가?",영상정보처리기기 설치ㆍ운영에 관한 사무를 위탁하는 경우 관련 절차 및 요건에 따라 계약서에 반영하고 있는가?,,
86,3.1.7,정보주체(이용자)에게 재화나 서비스를 홍보하거나 판매를 권유하기 위하여 개인정보 처리에 대한 동의를 받는 경우 정보주체(이용자)가 이를 명확하게 인지할 수 있도록 알리고 별도 동의를 받고 있는가?,"전자적 전송매체를 이용하여 영리목적의 광고성 정보를 전송하는 경우 수신자의 명시적인 사전 동의를 받고 있으며, 2년 마다 정기적으로 수신자의 수신동의 여부를 확인하고 있는가?",전자적 전송매체를 이용한 영리목적의 광고성 정보 전송에 대해 수신자가 수신거부의사를 표시하거나 사전 동의를 철회한 경우 영리목적의 광고성 정보 전송을 중단하도록 하고 있는가?,"영리목적의 광고성 정보를 전송하는 경우 전송자의 명칭, 수신거부 방법 등을 구체적으로 밝히고 있으며, 야간시간에는 전송하지 않도록 하고 있는가?",,,,
87,3.2.1,"수집ㆍ보유하고 있는 개인정보의 항목, 보유량, 처리 목적 및 방법, 보유기간 등 현황을 정기적으로 관리하고 있는가?",공공기관이 개인정보파일을 운용하거나 변경하는 경우 관련된 사항을 법률에서 정한 관계기관의 장에게 등록하고 있는가?,공공기관은 개인정보파일의 보유 현황을 개인정보 처리방침에 공개하고 있는가?,,,,,
88,3.2.2,수집된 개인정보는 내부 절차에 따라 안전하게 처리하도록 관리하며 최신의 상태로 정확하게 유지하고 있는가?,"정보주체(이용자)가 개인정보의 정확성, 완전성 및 최신성을 유지할 수 있는 방법을 제공하고 있는가?",,,,,,
89,3.2.3,"개인정보의 조회 및 출력(인쇄, 화면표시, 파일생성 등) 시 용도를 특정하고 용도에 따라 출력항목을 최소화하고 있는가?",개인정보 표시제한 보호조치의 일관성을 확보할 수 있도록 관련 기준을 수립하여 적용하고 있는가?,개인정보가 포함된 종이 인쇄물 등 개인정보의 출력ㆍ복사물을 안전하게 관리하기 위해 필요한 보호조치를 하고 있는가?,개인정보 검색 시 불필요하거나 과도한 정보가 조회되지 않도록 일치검색 또는 두 가지 항목 이상의 검색조건을 요구하고 있는가?,개인정보를 비식별화하여 이용ㆍ제공 시 재식별화의 위험을 최소화할 수 있도록 적절한 방법으로 비식별 조치를 수행하고 이에 대한 적정성을 평가하고 있는가?,개인정보를 비식별화하여 이용ㆍ제공 시 안전조치를 적용하고 재식별 가능성을 모니터링 하고 있는가?,,
90,3.2.4,정보주체(이용자)의 이동통신단말장치 내에 저장되어 있는 정보 및 이동통신단말장치에 설치된 기능에 대하여 접근할 수 있는 권한이 필요한 경우 명확하게 인지할 수 있도록 알리고 정보주체(이용자)의 동의를 받고 있는가?,"이동통신단말장치 내에서 해당 서비스를 제공하기 위하여 반드시 필요한 접근권한이 아닌 경우, 정보주체(이용자)가 동의하지 않아도 서비스 제공을 거부하지 않도록 하고 있는가?",이동통신단말장치 내에서 해당 접근권한에 대한 정보주체(이용자)의 동의 및 철회방법을 마련하고 있는가?,,,,,
91,3.2.5,개인정보는 최초 수집 시 정보주체(이용자)로부터 동의 받은 목적 또는 법령에 근거한 범위 내에서만 이용ㆍ제공하고 있는가?,개인정보를 수집 목적 또는 범위를 초과하여 이용하거나 제공하는 경우 정보주체(이용자)로부터 별도의 동의를 받거나 법적 근거가 있는 경우로 제한하고 있는가?,개인정보를 목적 외의 용도로 제3자에게 제공하는 경우 제공받는 자에게 이용목적ㆍ방법 등을 제한하거나 안전성 확보를 위해 필요한 조치를 마련하도록 요청하고 있는가?,"공공기관이 개인정보를 목적 외의 용도로 이용하거나 제3자에게 제공하는 경우 그 이용 또는 제공의 법적 근거, 목적 및 범위 등에 관하여 필요한 사항을 관보 또는 인터넷 홈페이지 등에 게재하고 있는가?",공공기관이 개인정보를 목적 외의 용도로 이용하거나 제3자에게 제공하는 경우 목적 외 이용 및 제3자 제공대장에 기록∙관리하고 있는가?,,,
92,3.3.1,개인정보를 제3자에게 제공하는 경우 법령에 규정이 있는 경우를 제외하고는 정보주체(이용자)에게 관련 내용을 명확하게 고지하고 동의를 받고 있는가?,개인정보의 제3자 제공 동의는 수집∙이용에 대한 동의와 구분하여 받고 이에 동의하지 않는다는 이유로 해당 서비스의 제공을 거부하지 않도록 하고 있는가?,개인정보를 제3자에게 제공하는 경우 제공 목적에 맞는 최소한의 개인정보 항목으로 제한하고 있는가?,개인정보를 제3자에게 제공 하는 경우 안전한 절차와 방법을 통해 제공하고 제공 내역을 기록하여 보관하고 있는가?,제3자에게 개인정보의 접근을 허용하는 경우 개인정보를 안전하게 보호하기 위한 보호절차에 따라 통제하고 있는가?,,,
93,3.3.2,개인정보 처리업무를 제3자에게 위탁하는 경우 인터넷 홈페이지 등에 위탁하는 업무의 내용과 수탁자를 현행화하여 공개하고 있는가?,개인정보 처리 위탁에 대한 동의가 필요한 경우 처리 위탁을 받은 자와 위탁하는 업무의 내용을 알리고 동의를 받고 있는가?,"재화 또는 서비스를 홍보하거나 판매를 권유하는 업무를 위탁하는 경우에는 서면, 전자우편, 문자전송 등의 방법으로 위탁하는 업무의 내용과 수탁자를 정보주체에게 알리고 있는가?",수탁자 또는 위탁하는 업무의 내용이 변경된 경우 해당 내용을 알리거나 필요한 경우 동의를 받고 있는가?,수탁자가 위탁받은 업무를 제3자에게 재위탁하려는 경우 위탁자의 사전 동의를 받도록 하고 있는가?,,,
94,3.3.3,영업의 전부 또는 일부의 양도ㆍ합병 등으로 개인정보를 다른 사람에게 이전하는 경우 필요한 사항을 사전에 정보주체(이용자)에게 알리고 있는가?,영업양수자 등은 법적 통지 요건에 해당될 경우 개인정보를 이전받은 사실을 정보주체(이용자)에게 지체 없이 알리고 있는가?,개인정보를 이전받는 자는 이전 당시의 본래 목적으로만 개인정보를 이용하거나 제3자에게 제공하고 있는가?,,,,,
95,3.3.4,개인정보를 국외의 제3자에게 제공하는 경우 정보주체(이용자)에게 필요한 사항을 모두 알리고 동의를 받고 있는가?,(구.정보통신서비스의 제공에 관한 계약을 이행하고 이용자 편의 증진 등을 위하여 필요한 경우로서 이용자의 개인정보를 국외에 처리위탁 또는 보관하는 경우에는 동의에 갈음하여 관련 사항을 이용자에게 알리고 있는가?) 개인정보를 국외에 처리위탁 또는 보관하는 경우 별도 동의를 받지 않은 경우 법률에 정해진 내용과 방법에 따라 이용자에게 알리고 있는가?,개인정보 보호 관련 법령 준수 및 개인정보 보호 등에 관한 사항을 포함하여 국외 이전에 관한 계약을 체결하고 있는가?,개인정보를 국외로 이전하는 경우 개인정보 보호를 위해 필요한 조치를 취하고 있는가?,,,,
96,3.4.1,개인정보의 보유기간 및 파기와 관련된 내부 정책을 수립하고 있는가?,개인정보의 처리목적이 달성되거나 보유기간이 경과한 경우 지체 없이 해당 개인정보를 파기하고 있는가?,개인정보를 파기할 때에는 복구ㆍ재생되지 않도록 안전한 방법으로 파기하고 있는가?,개인정보 파기에 대한 기록을 남기고 관리하고 있는가?,,,,
97,3.4.2,"개인정보의 보유기간 경과 또는 처리목적 달성 후에도 관련 법령 등에 따라 파기하지 아니하고 보존하는 경우, 관련 법령에 따른 최소한의 기간으로 한정하여 최소한의 정보만을 보존하도록 관리하고 있는가?",개인정보의 보유기간 경과 또는 처리목적 달성 후에도 관련 법령 등에 따라 파기하지 아니하고 보존하는 경우 해당 개인정보 또는 개인정보파일을 다른 개인정보와 분리하여 저장ㆍ관리하고 있는가?,분리 보관하고 있는 개인정보에 대하여 법령에서 정한 목적 범위 내에서만 처리 가능하도록 관리하고 있는가?,분리 보관하고 있는 개인정보에 대하여 접근권한을 최소한의 인원으로 제한하고 있는가?,,,,
98,3.4.3,정보통신서비스 제공자등은 법령에서 정한 기간 동안 이용하지 않는 휴면 이용자의 개인정보를 파기 또는 분리 보관하고 있는가?,휴면 이용자의 개인정보를 파기하거나 분리하여 저장ㆍ관리하려는 경우 이용자에게 알리고 있는가?,분리되어 저장ㆍ관리하는 휴면 이용자의 개인정보는 법령에 따른 보관 목적 또는 이용자의 요청에 대해서만 이용 및 제공하고 있는가?,분리되어 저장ㆍ관리하는 휴면 이용자의 개인정보에 대하여 접근권한을 최소한의 인원으로 제한하고 있는가?,,,,
99,3.5.1,개인정보 처리방침을 정보주체(이용자)가 쉽게 확인할 수 있도록 인터넷 홈페이지 등에 지속적으로 현행화하여 공개하고 있는가?,개인정보 처리방침에는 법령에서 요구하는 내용을 모두 포함하고 있는가?,개인정보 처리방침이 변경되는 경우 사유 및 변경 내용을 지체없이 공지하고 정보주체(이용자)가 언제든지 변경된 사항을 쉽게 알아 볼 수 있도록 조치하고 있는가?,,,,,
100,3.5.2,"정보주체(이용자) 또는 그 대리인이 개인정보에 대한 열람, 정정ㆍ삭제, 처리정지, 이의제기, 동의 철회(이하 '열람 등'이라 함) 요구를 개인정보 수집방법ㆍ절차보다 쉽게 할 수 있도록 권리 행사 방법 및 절차를 마련하고 있는가?",정보주체(이용자) 또는 그 대리인이 개인정보 열람 요구를 하는 경우 규정된 기간 내에 열람 가능하도록 필요한 조치를 하고 있는가?,정보주체(이용자) 또는 그 대리인이 개인정보 정정ㆍ삭제 요구를 하는 경우 규정된 기간 내에 정정ㆍ삭제 등 필요한 조치를 하고 있는가?,정보주체(이용자) 또는 그 대리인이 개인정보 처리정지 요구를 하는 경우 규정된 기간 내에 처리정지 등 필요한 조치를 하고 있는가?,정보주체(이용자)의 요구에 대한 조치에 불복이 있는 경우 이의를 제기할 수 있도록 필요한 절차를 마련하여 안내하고 있는가?,정보주체(이용자) 또는 그 대리인이 개인정보 수집ㆍ이용ㆍ제공 등의 동의를 철회하는 경우 지체 없이 수집된 개인정보를 파기하는 등 필요한 조치를 취하고 있는가?,개인정보 열람 등의 요구 및 처리 결과에 대하여 기록을 남기고 있는가?,정보통신망에서 사생활 침해 또는 명예훼손 등 타인의 권리를 침해한 경우 침해를 받은 자가 정보통신서비스 제공자에게 정보의 삭제 요청 등을 할 수 있는 절차를 마련하여 시행하고 있는가?
101,3.5.3,법적 의무 대상자에 해당하는 경우 개인정보 이용내역을 주기적으로 정보주체(이용자)에게 통지하고 그 기록을 남기고 있는가?,개인정보 이용내역 통지 항목은 법적 요구항목을 모두 포함하고 있는가?,,,,,,